title,release_year,category_id,actor_actress_name,actor_per_film_id
ACADEMY DINOSAUR,2006,6,penelope guiness,0
ANACONDA CONFESSIONS,2006,2,penelope guiness,1
ANGELS LIFE,2006,13,penelope guiness,2
BULWORTH COMMANDMENTS,2006,10,penelope guiness,3
CHEAPER CLYDE,2006,14,penelope guiness,4
COLOR PHILADELPHIA,2006,4,penelope guiness,5
ELEPHANT TROJAN,2006,11,penelope guiness,6
GLEAMING JAWBREAKER,2006,15,penelope guiness,7
HUMAN GRAFFITI,2006,10,penelope guiness,8
KING EVOLUTION,2006,8,penelope guiness,9
LADY STAGE,2006,11,penelope guiness,10
LANGUAGE COWBOY,2006,3,penelope guiness,11
MULHOLLAND BEAST,2006,9,penelope guiness,12
OKLAHOMA JUMANJI,2006,13,penelope guiness,13
RULES HUMAN,2006,11,penelope guiness,14
SPLASH GUMP,2006,8,penelope guiness,15
VERTIGO NORTHWEST,2006,5,penelope guiness,16
WESTWARD SEABISCUIT,2006,4,penelope guiness,17
WIZARD COLDBLOODED,2006,12,penelope guiness,18
ADAPTATION HOLES,2006,6,nick wahlberg,19
APACHE DIVINE,2006,8,nick wahlberg,20
BABY HALL,2006,9,nick wahlberg,21
BULL SHAWSHANK,2006,1,nick wahlberg,22
CHAINSAW UPTOWN,2006,14,nick wahlberg,23
CHISUM BEHAVIOR,2006,8,nick wahlberg,24
DESTINY SATURDAY,2006,13,nick wahlberg,25
DRACULA CRYSTAL,2006,4,nick wahlberg,26
FIGHT JAWBREAKER,2006,2,nick wahlberg,27
FLASH WARS,2006,13,nick wahlberg,28
GILBERT PELICAN,2006,4,nick wahlberg,29
GOODFELLAS SALUTE,2006,14,nick wahlberg,30
HAPPINESS UNITED,2006,9,nick wahlberg,31
INDIAN LOVE,2006,8,nick wahlberg,32
JEKYLL FROGMEN,2006,13,nick wahlberg,33
JERSEY SASSY,2006,3,nick wahlberg,34
LIAISONS SWEET,2006,16,nick wahlberg,35
LUCKY FLYING,2006,12,nick wahlberg,36
MAGUIRE APACHE,2006,8,nick wahlberg,37
MALLRATS UNITED,2006,5,nick wahlberg,38
MASK PEACH,2006,13,nick wahlberg,39
ROOF CHAMPION,2006,10,nick wahlberg,40
RUSHMORE MERMAID,2006,5,nick wahlberg,41
SMILE EARRING,2006,16,nick wahlberg,42
WARDROBE PHANTOM,2006,7,nick wahlberg,43
ALONE TRIP,2006,12,ed chase,44
ARMY FLINTSTONES,2006,6,ed chase,45
ARTIST COLDBLOODED,2006,15,ed chase,46
BOONDOCK BALLROOM,2006,16,ed chase,47
CADDYSHACK JEDI,2006,1,ed chase,48
COWBOY DOOM,2006,9,ed chase,49
EVE RESURRECTION,2006,13,ed chase,50
FORREST SONS,2006,1,ed chase,51
FRENCH HOLIDAY,2006,6,ed chase,52
FROST HEAD,2006,4,ed chase,53
HALLOWEEN NUTS,2006,6,ed chase,54
HUNTER ALTER,2006,6,ed chase,55
IMAGE PRINCESS,2006,15,ed chase,56
JEEPERS WEDDING,2006,4,ed chase,57
LUCK OPUS,2006,7,ed chase,58
NECKLACE OUTBREAK,2006,7,ed chase,59
PLATOON INSTINCT,2006,13,ed chase,60
SPICE SORORITY,2006,7,ed chase,61
WEDDING APOLLO,2006,6,ed chase,62
WEEKEND PERSONAL,2006,14,ed chase,63
WHALE BIKINI,2006,9,ed chase,64
YOUNG LANGUAGE,2006,6,ed chase,65
ANACONDA CONFESSIONS,2006,2,jennifer davis,66
ANGELS LIFE,2006,13,jennifer davis,67
BAREFOOT MANCHURIAN,2006,1,jennifer davis,68
BED HIGHBALL,2006,6,jennifer davis,69
BLADE POLISH,2006,7,jennifer davis,70
BOONDOCK BALLROOM,2006,16,jennifer davis,71
GHOSTBUSTERS ELF,2006,2,jennifer davis,72
GREEDY ROOTS,2006,7,jennifer davis,73
HANOVER GALAXY,2006,12,jennifer davis,74
INSTINCT AIRPORT,2006,15,jennifer davis,75
JUMANJI BLADE,2006,13,jennifer davis,76
NATIONAL STORY,2006,6,jennifer davis,77
OKLAHOMA JUMANJI,2006,13,jennifer davis,78
POSEIDON FOREVER,2006,15,jennifer davis,79
RAIDERS ANTITRUST,2006,6,jennifer davis,80
RANDOM GO,2006,14,jennifer davis,81
REDS POCUS,2006,12,jennifer davis,82
SILVERADO GOLDFINGER,2006,14,jennifer davis,83
SPLASH GUMP,2006,8,jennifer davis,84
SUBMARINE BED,2006,5,jennifer davis,85
TREASURE COMMAND,2006,11,jennifer davis,86
UNFORGIVEN ZOOLANDER,2006,14,jennifer davis,87
AMADEUS HOLY,2006,1,johnny lollobrigida,88
BANGER PINOCCHIO,2006,12,johnny lollobrigida,89
BONNIE HOLOCAUST,2006,6,johnny lollobrigida,90
CHITTY LOCK,2006,7,johnny lollobrigida,91
COMMANDMENTS EXPRESS,2006,11,johnny lollobrigida,92
CONEHEADS SMOOCHY,2006,7,johnny lollobrigida,93
DADDY PITTSBURGH,2006,5,johnny lollobrigida,94
DAISY MENAGERIE,2006,14,johnny lollobrigida,95
ENOUGH RAGING,2006,16,johnny lollobrigida,96
ESCAPE METROPOLIS,2006,16,johnny lollobrigida,97
FIRE WOLVES,2006,10,johnny lollobrigida,98
FRONTIER CABIN,2006,13,johnny lollobrigida,99
GOODFELLAS SALUTE,2006,14,johnny lollobrigida,100
GRAIL FRANKENSTEIN,2006,1,johnny lollobrigida,101
GROOVE FICTION,2006,15,johnny lollobrigida,102
HALL CASSIDY,2006,3,johnny lollobrigida,103
HEAVENLY GUN,2006,12,johnny lollobrigida,104
KRAMER CHOCOLATE,2006,15,johnny lollobrigida,105
LOVE SUICIDES,2006,11,johnny lollobrigida,106
METAL ARMAGEDDON,2006,6,johnny lollobrigida,107
PACIFIC AMISTAD,2006,6,johnny lollobrigida,108
PATTON INTERVIEW,2006,11,johnny lollobrigida,109
POCUS PULP,2006,6,johnny lollobrigida,110
RIDGEMONT SUBMARINE,2006,13,johnny lollobrigida,111
RINGS HEARTBREAKERS,2006,1,johnny lollobrigida,112
SMILE EARRING,2006,16,johnny lollobrigida,113
SOLDIERS EVOLUTION,2006,14,johnny lollobrigida,114
STAR OPERATION,2006,15,johnny lollobrigida,115
SUNRISE LEAGUE,2006,2,johnny lollobrigida,116
ANTITRUST TOMATOES,2006,1,bette nicholson,117
BANG KWAI,2006,8,bette nicholson,118
BEAST HUNCHBACK,2006,4,bette nicholson,119
BIKINI BORROWERS,2006,2,bette nicholson,120
CALENDAR GUNFIGHT,2006,9,bette nicholson,121
COAST RAINBOW,2006,6,bette nicholson,122
COLDBLOODED DARLING,2006,14,bette nicholson,123
CROSSROADS CASUALTIES,2006,2,bette nicholson,124
DROP WATERFRONT,2006,15,bette nicholson,125
IGBY MAKER,2006,16,bette nicholson,126
KRAMER CHOCOLATE,2006,15,bette nicholson,127
LANGUAGE COWBOY,2006,3,bette nicholson,128
LESSON CLEOPATRA,2006,15,bette nicholson,129
LIBERTY MAGNIFICENT,2006,15,bette nicholson,130
MULHOLLAND BEAST,2006,9,bette nicholson,131
POTLUCK MIXED,2006,2,bette nicholson,132
SPEED SUIT,2006,16,bette nicholson,133
TITANIC BOONDOCK,2006,2,bette nicholson,134
TRADING PINOCCHIO,2006,15,bette nicholson,135
WYOMING STORM,2006,13,bette nicholson,136
ANGELS LIFE,2006,13,grace mostel,137
ANONYMOUS HUMAN,2006,15,grace mostel,138
ARACHNOPHOBIA ROLLERCOASTER,2006,11,grace mostel,139
BERETS AGENT,2006,1,grace mostel,140
BREAKING HOME,2006,13,grace mostel,141
COMMAND DARLING,2006,9,grace mostel,142
CONFESSIONS MAGUIRE,2006,7,grace mostel,143
DAZED PUNK,2006,10,grace mostel,144
DECEIVER BETRAYED,2006,7,grace mostel,145
DESTINATION JERK,2006,7,grace mostel,146
EXCITEMENT EVE,2006,1,grace mostel,147
GASLIGHT CRUSADE,2006,11,grace mostel,148
HELLFIGHTERS SIERRA,2006,9,grace mostel,149
INSTINCT AIRPORT,2006,15,grace mostel,150
MALKOVICH PET,2006,4,grace mostel,151
NECKLACE OUTBREAK,2006,7,grace mostel,152
OCTOBER SUBMARINE,2006,4,grace mostel,153
OPEN AFRICAN,2006,14,grace mostel,154
POSEIDON FOREVER,2006,15,grace mostel,155
SAINTS BRIDE,2006,7,grace mostel,156
SAVANNAH TOWN,2006,7,grace mostel,157
SCISSORHANDS SLUMS,2006,9,grace mostel,158
SLEEPLESS MONSOON,2006,2,grace mostel,159
SLEEPY JAPANESE,2006,13,grace mostel,160
STING PERSONAL,2006,13,grace mostel,161
TOWN ARK,2006,9,grace mostel,162
TRACY CIDER,2006,2,grace mostel,163
TREATMENT JEKYLL,2006,7,grace mostel,164
WAR NOTTING,2006,9,grace mostel,165
WARLOCK WEREWOLF,2006,3,grace mostel,166
BABY HALL,2006,9,matthew johansson,167
CAMPUS REMEMBER,2006,1,matthew johansson,168
CLONES PINOCCHIO,2006,12,matthew johansson,169
CONQUERER NUTS,2006,7,matthew johansson,170
CROWDS TELEMARK,2006,14,matthew johansson,171
DANCES NONE,2006,1,matthew johansson,172
DRIVING POLISH,2006,12,matthew johansson,173
DURHAM PANKY,2006,15,matthew johansson,174
FLASH WARS,2006,13,matthew johansson,175
HANGING DEEP,2006,7,matthew johansson,176
INDIAN LOVE,2006,8,matthew johansson,177
LIGHTS DEER,2006,4,matthew johansson,178
LOSER HUSTLER,2006,15,matthew johansson,179
MALKOVICH PET,2006,4,matthew johansson,180
RUNNER MADIGAN,2006,12,matthew johansson,181
SCHOOL JACKET,2006,9,matthew johansson,182
SCORPION APOLLO,2006,7,matthew johansson,183
SUGAR WONKA,2006,2,matthew johansson,184
TOMORROW HUSTLER,2006,4,matthew johansson,185
VANISHING ROCKY,2006,12,matthew johansson,186
ANYTHING SAVANNAH,2006,11,joe swank,187
BIRCH ANTITRUST,2006,12,joe swank,188
CHOCOLAT HARRY,2006,8,joe swank,189
CHOCOLATE DUCK,2006,9,joe swank,190
CROOKED FROGMEN,2006,3,joe swank,191
CURTAIN VIDEOTAPE,2006,10,joe swank,192
DALMATIONS SWEDEN,2006,7,joe swank,193
HORROR REIGN,2006,16,joe swank,194
LAWLESS VISION,2006,2,joe swank,195
LEBOWSKI SOLDIERS,2006,7,joe swank,196
MAJESTIC FLOATS,2006,6,joe swank,197
PACIFIC AMISTAD,2006,6,joe swank,198
PERDITION FARGO,2006,15,joe swank,199
PRIMARY GLASS,2006,1,joe swank,200
REEF SALUTE,2006,11,joe swank,201
RUNNER MADIGAN,2006,12,joe swank,202
SMILE EARRING,2006,16,joe swank,203
SNATCHERS MONTEZUMA,2006,4,joe swank,204
SUNRISE LEAGUE,2006,2,joe swank,205
SWEETHEARTS SUSPECTS,2006,3,joe swank,206
TIES HUNGER,2006,3,joe swank,207
TRAFFIC HOBBIT,2006,16,joe swank,208
UNTOUCHABLES SUNRISE,2006,6,joe swank,209
WATERFRONT DELIVERANCE,2006,1,joe swank,210
WILD APOLLO,2006,13,joe swank,211
ACADEMY DINOSAUR,2006,6,christian gable,212
ALABAMA DEVIL,2006,11,christian gable,213
CROOKED FROGMEN,2006,3,christian gable,214
DIVINE RESURRECTION,2006,10,christian gable,215
DRAGONFLY STRANGERS,2006,13,christian gable,216
GOLDFINGER SENSIBILITY,2006,7,christian gable,217
JAWBREAKER BROOKLYN,2006,12,christian gable,218
JEEPERS WEDDING,2006,4,christian gable,219
LIFE TWISTED,2006,5,christian gable,220
LORD ARIZONA,2006,1,christian gable,221
MOD SECRETARY,2006,6,christian gable,222
PREJUDICE OLEANDER,2006,4,christian gable,223
PUNK DIVORCE,2006,2,christian gable,224
REAP UNFAITHFUL,2006,11,christian gable,225
SHAKESPEARE SADDLE,2006,15,christian gable,226
TROUBLE DATE,2006,16,christian gable,227
USUAL UNTOUCHABLES,2006,9,christian gable,228
VACATION BOONDOCK,2006,14,christian gable,229
WATERFRONT DELIVERANCE,2006,1,christian gable,230
WEDDING APOLLO,2006,6,christian gable,231
WIZARD COLDBLOODED,2006,12,christian gable,232
WON DARES,2006,12,christian gable,233
CANYON STOCK,2006,2,zero cage,234
DANCES NONE,2006,1,zero cage,235
ENCINO ELF,2006,10,zero cage,236
ENDING CROWDS,2006,13,zero cage,237
GANDHI KWAI,2006,8,zero cage,238
GODFATHER DIARY,2006,13,zero cage,239
HANDICAP BOONDOCK,2006,1,zero cage,240
HONEY TIES,2006,15,zero cage,241
HORN WORKING,2006,2,zero cage,242
IMAGE PRINCESS,2006,15,zero cage,243
JERSEY SASSY,2006,3,zero cage,244
LOSER HUSTLER,2006,15,zero cage,245
MEET CHOCOLATE,2006,9,zero cage,246
MOD SECRETARY,2006,6,zero cage,247
MOONWALKER FOOL,2006,10,zero cage,248
OLEANDER CLUE,2006,12,zero cage,249
RACER EGG,2006,7,zero cage,250
STORY SIDE,2006,1,zero cage,251
STRANGERS GRAFFITI,2006,11,zero cage,252
THIN SAGEBRUSH,2006,6,zero cage,253
TOOTSIE PILOT,2006,3,zero cage,254
UPTOWN YOUNG,2006,3,zero cage,255
VELVET TERMINATOR,2006,5,zero cage,256
WEST LION,2006,7,zero cage,257
WORKER TARZAN,2006,16,zero cage,258
ALLEY EVOLUTION,2006,9,karl berry,259
ALONE TRIP,2006,12,karl berry,260
ARABIA DOGMA,2006,11,karl berry,261
ARIZONA BANG,2006,4,karl berry,262
BOUND CHEAPER,2006,4,karl berry,263
BOWFINGER GABLES,2006,11,karl berry,264
BUNCH MINDS,2006,7,karl berry,265
CLEOPATRA DEVIL,2006,13,karl berry,266
CONNECTICUT TRAMP,2006,14,karl berry,267
DARES PLUTO,2006,2,karl berry,268
DATE SPEED,2006,8,karl berry,269
DAY UNFAITHFUL,2006,13,karl berry,270
DOORS PRESIDENT,2006,2,karl berry,271
FURY MURDER,2006,3,karl berry,272
HARDLY ROBBERS,2006,6,karl berry,273
HIGHBALL POTTER,2006,9,karl berry,274
HOLES BRANNIGAN,2006,15,karl berry,275
INDEPENDENCE HOTEL,2006,6,karl berry,276
LEATHERNECKS DWARFS,2006,16,karl berry,277
LUCKY FLYING,2006,12,karl berry,278
MONTEREY LABYRINTH,2006,11,karl berry,279
NOVOCAINE FLIGHT,2006,15,karl berry,280
OKLAHOMA JUMANJI,2006,13,karl berry,281
PERFECT GROOVE,2006,5,karl berry,282
REAP UNFAITHFUL,2006,11,karl berry,283
REUNION WITCHES,2006,7,karl berry,284
SMOKING BARBARELLA,2006,6,karl berry,285
STAGECOACH ARMAGEDDON,2006,1,karl berry,286
SWEDEN SHINING,2006,5,karl berry,287
TELEMARK HEARTBREAKERS,2006,2,karl berry,288
VIRGINIAN PLUTO,2006,6,karl berry,289
ALONE TRIP,2006,12,uma wood,290
ANTITRUST TOMATOES,2006,1,uma wood,291
ATTRACTION NEWTON,2006,13,uma wood,292
BOONDOCK BALLROOM,2006,16,uma wood,293
CABIN FLASH,2006,3,uma wood,294
CHINATOWN GLADIATOR,2006,13,uma wood,295
CLASH FREDDY,2006,2,uma wood,296
CLUELESS BUCKET,2006,1,uma wood,297
DAISY MENAGERIE,2006,14,uma wood,298
DRIVER ANNIE,2006,15,uma wood,299
FRIDA SLIPPER,2006,9,uma wood,300
GALAXY SWEETHEARTS,2006,4,uma wood,301
GRINCH MASSAGE,2006,10,uma wood,302
GROUNDHOG UNCUT,2006,5,uma wood,303
HOMEWARD CIDER,2006,6,uma wood,304
INCH JET,2006,2,uma wood,305
LEATHERNECKS DWARFS,2006,16,uma wood,306
LEGALLY SECRETARY,2006,3,uma wood,307
LIFE TWISTED,2006,5,uma wood,308
LION UNCUT,2006,5,uma wood,309
LOLITA WORLD,2006,8,uma wood,310
METAL ARMAGEDDON,2006,6,uma wood,311
MODEL FISH,2006,3,uma wood,312
MOONWALKER FOOL,2006,10,uma wood,313
MOTIONS DETAILS,2006,11,uma wood,314
REBEL AIRPORT,2006,12,uma wood,315
RIDER CADDYSHACK,2006,15,uma wood,316
SNOWMAN ROLLERCOASTER,2006,2,uma wood,317
SOLDIERS EVOLUTION,2006,14,uma wood,318
SPLASH GUMP,2006,8,uma wood,319
SPLENDOR PATTON,2006,3,uma wood,320
STEEL SANTA,2006,4,uma wood,321
TORQUE BOUND,2006,7,uma wood,322
WEDDING APOLLO,2006,6,uma wood,323
ZHIVAGO CORE,2006,11,uma wood,324
CLASH FREDDY,2006,2,vivien bergen,325
CRANES RESERVOIR,2006,15,vivien bergen,326
DIRTY ACE,2006,10,vivien bergen,327
DONNIE ALLEY,2006,2,vivien bergen,328
DRIFTER COMMANDMENTS,2006,1,vivien bergen,329
DRIVING POLISH,2006,12,vivien bergen,330
DRUMS DYNAMITE,2006,11,vivien bergen,331
ENEMY ODDS,2006,12,vivien bergen,332
EXCITEMENT EVE,2006,1,vivien bergen,333
GORGEOUS BINGO,2006,3,vivien bergen,334
HIGH ENCINO,2006,11,vivien bergen,335
HILLS NEIGHBORS,2006,1,vivien bergen,336
HOBBIT ALIEN,2006,7,vivien bergen,337
IMPACT ALADDIN,2006,12,vivien bergen,338
ITALIAN AFRICAN,2006,16,vivien bergen,339
JAPANESE RUN,2006,11,vivien bergen,340
KENTUCKIAN GIANT,2006,11,vivien bergen,341
LOVELY JINGLE,2006,4,vivien bergen,342
LOVER TRUMAN,2006,4,vivien bergen,343
MUSSOLINI SPOILERS,2006,15,vivien bergen,344
POLISH BROOKLYN,2006,3,vivien bergen,345
SALUTE APOLLO,2006,13,vivien bergen,346
SATURDAY LAMBS,2006,15,vivien bergen,347
STOCK GLASS,2006,13,vivien bergen,348
STREETCAR INTENTIONS,2006,11,vivien bergen,349
TIGHTS DAWN,2006,15,vivien bergen,350
TRAP GUYS,2006,9,vivien bergen,351
TYCOON GATHERING,2006,10,vivien bergen,352
VOICE PEACH,2006,13,vivien bergen,353
WESTWARD SEABISCUIT,2006,4,vivien bergen,354
APACHE DIVINE,2006,8,cuba olivier,355
BORROWERS BEDAZZLED,2006,2,cuba olivier,356
BOUND CHEAPER,2006,4,cuba olivier,357
BUTCH PANTHER,2006,13,cuba olivier,358
CASSIDY WYOMING,2006,16,cuba olivier,359
DIVINE RESURRECTION,2006,10,cuba olivier,360
EGYPT TENENBAUMS,2006,11,cuba olivier,361
EMPIRE MALKOVICH,2006,3,cuba olivier,362
FLYING HOOK,2006,2,cuba olivier,363
FUGITIVE MAGUIRE,2006,16,cuba olivier,364
HELLFIGHTERS SIERRA,2006,9,cuba olivier,365
HYDE DOCTOR,2006,4,cuba olivier,366
KISS GLORY,2006,9,cuba olivier,367
KNOCK WARLOCK,2006,5,cuba olivier,368
LUKE MUMMY,2006,2,cuba olivier,369
MAKER GABLES,2006,3,cuba olivier,370
MONTEZUMA COMMAND,2006,1,cuba olivier,371
NOON PAPI,2006,3,cuba olivier,372
OKLAHOMA JUMANJI,2006,13,cuba olivier,373
ROSES TREASURE,2006,15,cuba olivier,374
SHANE DARKNESS,2006,16,cuba olivier,375
SIEGE MADRE,2006,8,cuba olivier,376
SOLDIERS EVOLUTION,2006,14,cuba olivier,377
THEORY MERMAID,2006,2,cuba olivier,378
UNFORGIVEN ZOOLANDER,2006,14,cuba olivier,379
VOLCANO TEXAS,2006,10,cuba olivier,380
WEREWOLF LOLA,2006,1,cuba olivier,381
WONDERLAND CHRISTMAS,2006,14,cuba olivier,382
BLANKET BEVERLY,2006,8,fred costner,383
BOONDOCK BALLROOM,2006,16,fred costner,384
BROTHERHOOD BLANKET,2006,6,fred costner,385
CAROL TEXAS,2006,2,fred costner,386
CLEOPATRA DEVIL,2006,13,fred costner,387
CONNECTICUT TRAMP,2006,14,fred costner,388
DECEIVER BETRAYED,2006,7,fred costner,389
DELIVERANCE MULHOLLAND,2006,6,fred costner,390
EAGLES PANKY,2006,13,fred costner,391
EARRING INSTINCT,2006,8,fred costner,392
EASY GLADIATOR,2006,1,fred costner,393
EMPIRE MALKOVICH,2006,3,fred costner,394
ENTRAPMENT SATISFACTION,2006,1,fred costner,395
GABLES METROPOLIS,2006,8,fred costner,396
HUMAN GRAFFITI,2006,10,fred costner,397
IMAGE PRINCESS,2006,15,fred costner,398
IMPOSSIBLE PREJUDICE,2006,9,fred costner,399
INCH JET,2006,2,fred costner,400
KRAMER CHOCOLATE,2006,15,fred costner,401
MAGNIFICENT CHITTY,2006,4,fred costner,402
MIRACLE VIRTUAL,2006,2,fred costner,403
MISSION ZOOLANDER,2006,2,fred costner,404
REAR TRADING,2006,1,fred costner,405
SAINTS BRIDE,2006,7,fred costner,406
SENSE GREEK,2006,15,fred costner,407
THEORY MERMAID,2006,2,fred costner,408
WEEKEND PERSONAL,2006,14,fred costner,409
BREAKING HOME,2006,13,helen voight,410
CAPER MOTIONS,2006,5,helen voight,411
CASPER DRAGONFLY,2006,3,helen voight,412
CAT CONEHEADS,2006,5,helen voight,413
CLASH FREDDY,2006,2,helen voight,414
CUPBOARD SINNERS,2006,6,helen voight,415
CYCLONE FAMILY,2006,9,helen voight,416
DIVINE RESURRECTION,2006,10,helen voight,417
EMPIRE MALKOVICH,2006,3,helen voight,418
FEVER EMPIRE,2006,10,helen voight,419
FIDELITY DEVIL,2006,11,helen voight,420
GREATEST NORTH,2006,12,helen voight,421
INDEPENDENCE HOTEL,2006,6,helen voight,422
IRON MOON,2006,4,helen voight,423
JAWS HARRY,2006,5,helen voight,424
KISS GLORY,2006,9,helen voight,425
LEGALLY SECRETARY,2006,3,helen voight,426
LIES TREATMENT,2006,7,helen voight,427
MICROCOSMOS PARADISE,2006,3,helen voight,428
MOVIE SHAKESPEARE,2006,8,helen voight,429
MUMMY CREATURES,2006,15,helen voight,430
ROAD ROXANNE,2006,6,helen voight,431
SCISSORHANDS SLUMS,2006,9,helen voight,432
SIDE ARK,2006,1,helen voight,433
SINNERS ATLANTIS,2006,11,helen voight,434
STRANGER STRANGERS,2006,3,helen voight,435
SWEETHEARTS SUSPECTS,2006,3,helen voight,436
TADPOLE PARK,2006,4,helen voight,437
TELEMARK HEARTBREAKERS,2006,2,helen voight,438
VOICE PEACH,2006,13,helen voight,439
WAR NOTTING,2006,9,helen voight,440
WARLOCK WEREWOLF,2006,3,helen voight,441
ATTACKS HATE,2006,14,dan torn,442
BOILED DARES,2006,16,dan torn,443
CHINATOWN GLADIATOR,2006,13,dan torn,444
CONEHEADS SMOOCHY,2006,7,dan torn,445
EARLY HOME,2006,2,dan torn,446
ELIZABETH SHANE,2006,15,dan torn,447
EMPIRE MALKOVICH,2006,3,dan torn,448
FLASH WARS,2006,13,dan torn,449
GUMP DATE,2006,16,dan torn,450
INNOCENT USUAL,2006,9,dan torn,451
INSIDER ARIZONA,2006,12,dan torn,452
JERK PAYCHECK,2006,4,dan torn,453
LOVELY JINGLE,2006,4,dan torn,454
MASK PEACH,2006,13,dan torn,455
MUSSOLINI SPOILERS,2006,15,dan torn,456
REAR TRADING,2006,1,dan torn,457
SLING LUKE,2006,4,dan torn,458
STATE WASTELAND,2006,10,dan torn,459
SUN CONFESSIONS,2006,14,dan torn,460
TEQUILA PAST,2006,3,dan torn,461
TUXEDO MILE,2006,15,dan torn,462
VIRGIN DAISY,2006,7,dan torn,463
ACE GOLDFINGER,2006,11,bob fawcett,464
ADAPTATION HOLES,2006,6,bob fawcett,465
CHINATOWN GLADIATOR,2006,13,bob fawcett,466
CIRCUS YOUTH,2006,3,bob fawcett,467
CONTROL ANTHEM,2006,5,bob fawcett,468
DARES PLUTO,2006,2,bob fawcett,469
DARN FORRESTER,2006,1,bob fawcett,470
DAZED PUNK,2006,10,bob fawcett,471
DYNAMITE TARZAN,2006,4,bob fawcett,472
HATE HANDICAP,2006,5,bob fawcett,473
HOMICIDE PEACH,2006,8,bob fawcett,474
JACKET FRISCO,2006,7,bob fawcett,475
JUMANJI BLADE,2006,13,bob fawcett,476
LAWLESS VISION,2006,2,bob fawcett,477
LEATHERNECKS DWARFS,2006,16,bob fawcett,478
OSCAR GOLD,2006,2,bob fawcett,479
PELICAN COMFORTS,2006,6,bob fawcett,480
PERSONAL LADYBUGS,2006,12,bob fawcett,481
RAGING AIRPLANE,2006,14,bob fawcett,482
RUN PACIFIC,2006,13,bob fawcett,483
RUNNER MADIGAN,2006,12,bob fawcett,484
SADDLE ANTITRUST,2006,5,bob fawcett,485
SCORPION APOLLO,2006,7,bob fawcett,486
SHAWSHANK BUBBLE,2006,16,bob fawcett,487
TAXI KICK,2006,12,bob fawcett,488
ACADEMY DINOSAUR,2006,6,lucille tracy,489
BANGER PINOCCHIO,2006,12,lucille tracy,490
BEDAZZLED MARRIED,2006,8,lucille tracy,491
CHEAPER CLYDE,2006,14,lucille tracy,492
CHITTY LOCK,2006,7,lucille tracy,493
COLDBLOODED DARLING,2006,14,lucille tracy,494
DINOSAUR SECRETARY,2006,8,lucille tracy,495
DOORS PRESIDENT,2006,2,lucille tracy,496
EARRING INSTINCT,2006,8,lucille tracy,497
EGG IGBY,2006,6,lucille tracy,498
GANDHI KWAI,2006,8,lucille tracy,499
GOLDFINGER SENSIBILITY,2006,7,lucille tracy,500
HYDE DOCTOR,2006,4,lucille tracy,501
JAWS HARRY,2006,5,lucille tracy,502
JUNGLE CLOSER,2006,13,lucille tracy,503
KING EVOLUTION,2006,8,lucille tracy,504
LOLA AGENT,2006,11,lucille tracy,505
LOSE INCH,2006,9,lucille tracy,506
LOVERBOY ATTACKS,2006,13,lucille tracy,507
MODERN DORADO,2006,6,lucille tracy,508
ORIENT CLOSER,2006,7,lucille tracy,509
PAJAMA JAWBREAKER,2006,4,lucille tracy,510
PATIENT SISTER,2006,4,lucille tracy,511
RANDOM GO,2006,14,lucille tracy,512
REAR TRADING,2006,1,lucille tracy,513
SAGEBRUSH CLUELESS,2006,6,lucille tracy,514
SHANGHAI TYCOON,2006,16,lucille tracy,515
SUN CONFESSIONS,2006,14,lucille tracy,516
WASTELAND DIVINE,2006,4,lucille tracy,517
WINDOW SIDE,2006,16,lucille tracy,518
AGENT TRUMAN,2006,9,kirsten paltrow,519
BOONDOCK BALLROOM,2006,16,kirsten paltrow,520
BORN SPINAL,2006,16,kirsten paltrow,521
CHICKEN HELLFIGHTERS,2006,6,kirsten paltrow,522
CLOSER BANG,2006,5,kirsten paltrow,523
CONQUERER NUTS,2006,7,kirsten paltrow,524
DRIFTER COMMANDMENTS,2006,1,kirsten paltrow,525
ENCINO ELF,2006,10,kirsten paltrow,526
FLASH WARS,2006,13,kirsten paltrow,527
HANOVER GALAXY,2006,12,kirsten paltrow,528
HOME PITY,2006,12,kirsten paltrow,529
HONEY TIES,2006,15,kirsten paltrow,530
KILL BROTHERHOOD,2006,6,kirsten paltrow,531
LADYBUGS ARMAGEDDON,2006,10,kirsten paltrow,532
LORD ARIZONA,2006,1,kirsten paltrow,533
PINOCCHIO SIMON,2006,5,kirsten paltrow,534
PLUTO OLEANDER,2006,13,kirsten paltrow,535
PRIX UNDEFEATED,2006,8,kirsten paltrow,536
PULP BEVERLY,2006,11,kirsten paltrow,537
RIVER OUTLAW,2006,15,kirsten paltrow,538
ROAD ROXANNE,2006,6,kirsten paltrow,539
SILVERADO GOLDFINGER,2006,14,kirsten paltrow,540
SLEEPING SUSPECTS,2006,11,kirsten paltrow,541
THIEF PELICAN,2006,2,kirsten paltrow,542
TITANS JERK,2006,14,kirsten paltrow,543
UNBREAKABLE KARATE,2006,13,kirsten paltrow,544
WON DARES,2006,12,kirsten paltrow,545
ALABAMA DEVIL,2006,11,elvis marx,546
ANACONDA CONFESSIONS,2006,2,elvis marx,547
BAREFOOT MANCHURIAN,2006,1,elvis marx,548
BORROWERS BEDAZZLED,2006,2,elvis marx,549
CADDYSHACK JEDI,2006,1,elvis marx,550
CHITTY LOCK,2006,7,elvis marx,551
EVOLUTION ALTER,2006,15,elvis marx,552
EXPECATIONS NATURAL,2006,16,elvis marx,553
GANGS PRIDE,2006,2,elvis marx,554
GOODFELLAS SALUTE,2006,14,elvis marx,555
HOBBIT ALIEN,2006,7,elvis marx,556
HOOK CHARIOTS,2006,2,elvis marx,557
JERICHO MULAN,2006,10,elvis marx,558
JUMPING WRATH,2006,3,elvis marx,559
KENTUCKIAN GIANT,2006,11,elvis marx,560
LOVELY JINGLE,2006,4,elvis marx,561
MOTIONS DETAILS,2006,11,elvis marx,562
ODDS BOOGIE,2006,8,elvis marx,563
OUTLAW HANKY,2006,16,elvis marx,564
POLISH BROOKLYN,2006,3,elvis marx,565
RIGHT CRANES,2006,4,elvis marx,566
ROOF CHAMPION,2006,10,elvis marx,567
SEATTLE EXPECATIONS,2006,7,elvis marx,568
SKY MIRACLE,2006,1,elvis marx,569
TROJAN TOMORROW,2006,14,elvis marx,570
WATERFRONT DELIVERANCE,2006,1,elvis marx,571
AGENT TRUMAN,2006,9,sandra kilmer,572
ARTIST COLDBLOODED,2006,15,sandra kilmer,573
BLACKOUT PRIVATE,2006,2,sandra kilmer,574
BULL SHAWSHANK,2006,1,sandra kilmer,575
CANDIDATE PERDITION,2006,4,sandra kilmer,576
CANDLES GRAPES,2006,10,sandra kilmer,577
CASSIDY WYOMING,2006,16,sandra kilmer,578
DARN FORRESTER,2006,1,sandra kilmer,579
DESTINY SATURDAY,2006,13,sandra kilmer,580
DIVIDE MONSTER,2006,14,sandra kilmer,581
DRIVER ANNIE,2006,15,sandra kilmer,582
GOLDMINE TYCOON,2006,14,sandra kilmer,583
GORGEOUS BINGO,2006,3,sandra kilmer,584
HELLFIGHTERS SIERRA,2006,9,sandra kilmer,585
HOCUS FRIDA,2006,8,sandra kilmer,586
HOTEL HAPPINESS,2006,9,sandra kilmer,587
IDENTITY LOVER,2006,14,sandra kilmer,588
JUMPING WRATH,2006,3,sandra kilmer,589
LOVELY JINGLE,2006,4,sandra kilmer,590
MAGNOLIA FORRESTER,2006,1,sandra kilmer,591
OLEANDER CLUE,2006,12,sandra kilmer,592
OZ LIAISONS,2006,2,sandra kilmer,593
PERSONAL LADYBUGS,2006,12,sandra kilmer,594
POSEIDON FOREVER,2006,15,sandra kilmer,595
SAVANNAH TOWN,2006,7,sandra kilmer,596
SHAKESPEARE SADDLE,2006,15,sandra kilmer,597
SLEEPING SUSPECTS,2006,11,sandra kilmer,598
SONS INTERVIEW,2006,2,sandra kilmer,599
SPEED SUIT,2006,16,sandra kilmer,600
SPLENDOR PATTON,2006,3,sandra kilmer,601
STATE WASTELAND,2006,10,sandra kilmer,602
STRANGER STRANGERS,2006,3,sandra kilmer,603
STREAK RIDGEMONT,2006,6,sandra kilmer,604
STREETCAR INTENTIONS,2006,11,sandra kilmer,605
VANISHED GARDEN,2006,13,sandra kilmer,606
WOLVES DESIRE,2006,16,sandra kilmer,607
YOUTH KICK,2006,12,sandra kilmer,608
ADAPTATION HOLES,2006,6,cameron streep,609
BLUES INSTINCT,2006,8,cameron streep,610
CALENDAR GUNFIGHT,2006,9,cameron streep,611
CASUALTIES ENCINO,2006,1,cameron streep,612
CHOCOLATE DUCK,2006,9,cameron streep,613
COAST RAINBOW,2006,6,cameron streep,614
CONNECTION MICROCOSMOS,2006,5,cameron streep,615
CROW GREASE,2006,1,cameron streep,616
CUPBOARD SINNERS,2006,6,cameron streep,617
DOOM DANCING,2006,5,cameron streep,618
DROP WATERFRONT,2006,15,cameron streep,619
ELEPHANT TROJAN,2006,11,cameron streep,620
FREEDOM CLEOPATRA,2006,5,cameron streep,621
HAUNTED ANTITRUST,2006,16,cameron streep,622
INSTINCT AIRPORT,2006,15,cameron streep,623
LEGALLY SECRETARY,2006,3,cameron streep,624
MOB DUFFEL,2006,7,cameron streep,625
MOVIE SHAKESPEARE,2006,8,cameron streep,626
PANIC CLUB,2006,11,cameron streep,627
PURE RUNNER,2006,5,cameron streep,628
SEVEN SWARM,2006,10,cameron streep,629
SPINAL ROCKY,2006,8,cameron streep,630
SPLASH GUMP,2006,8,cameron streep,631
WEST LION,2006,7,cameron streep,632
AMERICAN CIRCUS,2006,1,kevin bloom,633
BOOGIE AMELIE,2006,12,kevin bloom,634
CITIZEN SHREK,2006,14,kevin bloom,635
CONQUERER NUTS,2006,7,kevin bloom,636
DALMATIONS SWEDEN,2006,7,kevin bloom,637
DATE SPEED,2006,8,kevin bloom,638
DESTINY SATURDAY,2006,13,kevin bloom,639
DOUBLE WRATH,2006,2,kevin bloom,640
FICTION CHRISTMAS,2006,9,kevin bloom,641
HATE HANDICAP,2006,5,kevin bloom,642
HEAVENLY GUN,2006,12,kevin bloom,643
HOLES BRANNIGAN,2006,15,kevin bloom,644
LOVERBOY ATTACKS,2006,13,kevin bloom,645
MASSAGE IMAGE,2006,2,kevin bloom,646
MISSION ZOOLANDER,2006,2,kevin bloom,647
MUMMY CREATURES,2006,15,kevin bloom,648
POLISH BROOKLYN,2006,3,kevin bloom,649
PRIMARY GLASS,2006,1,kevin bloom,650
SABRINA MIDNIGHT,2006,3,kevin bloom,651
SWEDEN SHINING,2006,5,kevin bloom,652
TROUBLE DATE,2006,16,kevin bloom,653
ALABAMA DEVIL,2006,11,rip crawford,654
AMERICAN CIRCUS,2006,1,rip crawford,655
ARABIA DOGMA,2006,11,rip crawford,656
BOULEVARD MOB,2006,13,rip crawford,657
BRANNIGAN SUNRISE,2006,13,rip crawford,658
BUCKET BROTHERHOOD,2006,16,rip crawford,659
CHOCOLAT HARRY,2006,8,rip crawford,660
CRAFT OUTFIELD,2006,7,rip crawford,661
CYCLONE FAMILY,2006,9,rip crawford,662
DESTINATION JERK,2006,7,rip crawford,663
DONNIE ALLEY,2006,2,rip crawford,664
FOOL MOCKINGBIRD,2006,1,rip crawford,665
FORREST SONS,2006,1,rip crawford,666
FRONTIER CABIN,2006,13,rip crawford,667
GABLES METROPOLIS,2006,8,rip crawford,668
GUYS FALCON,2006,14,rip crawford,669
HALL CASSIDY,2006,3,rip crawford,670
LONELY ELEPHANT,2006,5,rip crawford,671
MADISON TRAP,2006,6,rip crawford,672
MASSAGE IMAGE,2006,2,rip crawford,673
OKLAHOMA JUMANJI,2006,13,rip crawford,674
OSCAR GOLD,2006,2,rip crawford,675
PITTSBURGH HUNCHBACK,2006,8,rip crawford,676
POLISH BROOKLYN,2006,3,rip crawford,677
RANGE MOONWALKER,2006,8,rip crawford,678
RINGS HEARTBREAKERS,2006,1,rip crawford,679
SAINTS BRIDE,2006,7,rip crawford,680
SATURDAY LAMBS,2006,15,rip crawford,681
SIEGE MADRE,2006,8,rip crawford,682
SORORITY QUEEN,2006,9,rip crawford,683
TEXAS WATCH,2006,11,rip crawford,684
TRAIN BUNCH,2006,11,rip crawford,685
TRAMP OTHERS,2006,5,rip crawford,686
AMADEUS HOLY,2006,1,julia mcqueen,687
ARABIA DOGMA,2006,11,julia mcqueen,688
BONNIE HOLOCAUST,2006,6,julia mcqueen,689
CIDER DESIRE,2006,6,julia mcqueen,690
CONEHEADS SMOOCHY,2006,7,julia mcqueen,691
EFFECT GLADIATOR,2006,8,julia mcqueen,692
FREDDY STORM,2006,11,julia mcqueen,693
GAMES BOWFINGER,2006,16,julia mcqueen,694
GLADIATOR WESTWARD,2006,8,julia mcqueen,695
HANOVER GALAXY,2006,12,julia mcqueen,696
HIGH ENCINO,2006,11,julia mcqueen,697
INSIDER ARIZONA,2006,12,julia mcqueen,698
JAWBREAKER BROOKLYN,2006,12,julia mcqueen,699
KISS GLORY,2006,9,julia mcqueen,700
KRAMER CHOCOLATE,2006,15,julia mcqueen,701
LUCKY FLYING,2006,12,julia mcqueen,702
MOCKINGBIRD HOLLYWOOD,2006,1,julia mcqueen,703
MONTEREY LABYRINTH,2006,11,julia mcqueen,704
OPEN AFRICAN,2006,14,julia mcqueen,705
PILOT HOOSIERS,2006,8,julia mcqueen,706
PITTSBURGH HUNCHBACK,2006,8,julia mcqueen,707
PRESIDENT BANG,2006,8,julia mcqueen,708
SCORPION APOLLO,2006,7,julia mcqueen,709
SLEEPLESS MONSOON,2006,2,julia mcqueen,710
SPIRIT FLINTSTONES,2006,11,julia mcqueen,711
STRANGERS GRAFFITI,2006,11,julia mcqueen,712
SWEETHEARTS SUSPECTS,2006,3,julia mcqueen,713
TELEMARK HEARTBREAKERS,2006,2,julia mcqueen,714
TIES HUNGER,2006,3,julia mcqueen,715
TRAIN BUNCH,2006,11,julia mcqueen,716
WEEKEND PERSONAL,2006,14,julia mcqueen,717
WONKA SEA,2006,2,julia mcqueen,718
YOUNG LANGUAGE,2006,6,julia mcqueen,719
ALICE FANTASIA,2006,4,woody hoffman,720
ATLANTIS CAUSE,2006,8,woody hoffman,721
BEACH HEARTBREAKERS,2006,6,woody hoffman,722
BIRCH ANTITRUST,2006,12,woody hoffman,723
BREAKING HOME,2006,13,woody hoffman,724
BUNCH MINDS,2006,7,woody hoffman,725
DUCK RACER,2006,2,woody hoffman,726
DURHAM PANKY,2006,15,woody hoffman,727
ENTRAPMENT SATISFACTION,2006,1,woody hoffman,728
GILMORE BOILED,2006,4,woody hoffman,729
KNOCK WARLOCK,2006,5,woody hoffman,730
LAMBS CINCINATTI,2006,10,woody hoffman,731
LOSER HUSTLER,2006,15,woody hoffman,732
MAIDEN HOME,2006,13,woody hoffman,733
MIDNIGHT WESTWARD,2006,1,woody hoffman,734
MOONWALKER FOOL,2006,10,woody hoffman,735
NEIGHBORS CHARADE,2006,15,woody hoffman,736
NONE SPIKING,2006,14,woody hoffman,737
PAJAMA JAWBREAKER,2006,4,woody hoffman,738
PILOT HOOSIERS,2006,8,woody hoffman,739
ROOM ROMAN,2006,2,woody hoffman,740
SHOOTIST SUPERFLY,2006,7,woody hoffman,741
SHRUNK DIVINE,2006,1,woody hoffman,742
SNOWMAN ROLLERCOASTER,2006,2,woody hoffman,743
SPICE SORORITY,2006,7,woody hoffman,744
SPY MILE,2006,10,woody hoffman,745
TELEGRAPH VOYAGE,2006,12,woody hoffman,746
TRAP GUYS,2006,9,woody hoffman,747
WAIT CIDER,2006,2,woody hoffman,748
WIFE TURN,2006,6,woody hoffman,749
WYOMING STORM,2006,13,woody hoffman,750
ALADDIN CALENDAR,2006,15,alec wayne,751
BLADE POLISH,2006,7,alec wayne,752
BULL SHAWSHANK,2006,1,alec wayne,753
CABIN FLASH,2006,3,alec wayne,754
CENTER DINOSAUR,2006,4,alec wayne,755
CHAMBER ITALIAN,2006,12,alec wayne,756
CONEHEADS SMOOCHY,2006,7,alec wayne,757
DESTINY SATURDAY,2006,13,alec wayne,758
EFFECT GLADIATOR,2006,8,alec wayne,759
ENCOUNTERS CURTAIN,2006,7,alec wayne,760
EXPRESS LONELY,2006,14,alec wayne,761
FICTION CHRISTMAS,2006,9,alec wayne,762
FREEDOM CLEOPATRA,2006,5,alec wayne,763
FUGITIVE MAGUIRE,2006,16,alec wayne,764
HOURS RAGE,2006,13,alec wayne,765
HUSTLER PARTY,2006,5,alec wayne,766
IDENTITY LOVER,2006,14,alec wayne,767
INSIDER ARIZONA,2006,12,alec wayne,768
JEOPARDY ENCINO,2006,4,alec wayne,769
JOON NORTHWEST,2006,15,alec wayne,770
LIBERTY MAGNIFICENT,2006,15,alec wayne,771
MAGIC MALLRATS,2006,3,alec wayne,772
MONEY HAROLD,2006,13,alec wayne,773
OUTBREAK DIVINE,2006,10,alec wayne,774
REIGN GENTLEMEN,2006,14,alec wayne,775
SMOKING BARBARELLA,2006,6,alec wayne,776
SUMMER SCARFACE,2006,4,alec wayne,777
UPTOWN YOUNG,2006,3,alec wayne,778
VIRGIN DAISY,2006,7,alec wayne,779
ACADEMY DINOSAUR,2006,6,sandra peck,780
BANG KWAI,2006,8,sandra peck,781
BEETHOVEN EXORCIST,2006,7,sandra peck,782
BEVERLY OUTLAW,2006,14,sandra peck,783
BIRDS PERDITION,2006,13,sandra peck,784
BOONDOCK BALLROOM,2006,16,sandra peck,785
DUDE BLINDNESS,2006,15,sandra peck,786
DUMBO LUST,2006,8,sandra peck,787
ENOUGH RAGING,2006,16,sandra peck,788
EXCITEMENT EVE,2006,1,sandra peck,789
FAMILY SWEET,2006,11,sandra peck,790
FIREHOUSE VIETNAM,2006,1,sandra peck,791
FLASH WARS,2006,13,sandra peck,792
GILBERT PELICAN,2006,4,sandra peck,793
MATRIX SNOWMAN,2006,9,sandra peck,794
RINGS HEARTBREAKERS,2006,1,sandra peck,795
SILENCE KANE,2006,12,sandra peck,796
STAGECOACH ARMAGEDDON,2006,1,sandra peck,797
VIRGINIAN PLUTO,2006,6,sandra peck,798
BORN SPINAL,2006,16,sissy sobieski,799
CHITTY LOCK,2006,7,sissy sobieski,800
CLYDE THEORY,2006,13,sissy sobieski,801
COAST RAINBOW,2006,6,sissy sobieski,802
CRAZY HOME,2006,5,sissy sobieski,803
FACTORY DRAGON,2006,16,sissy sobieski,804
FERRIS MOTHER,2006,5,sissy sobieski,805
GONE TROUBLE,2006,7,sissy sobieski,806
GREEK EVERYONE,2006,9,sissy sobieski,807
HOOSIERS BIRDCAGE,2006,9,sissy sobieski,808
MOB DUFFEL,2006,7,sissy sobieski,809
OPEN AFRICAN,2006,14,sissy sobieski,810
PRIX UNDEFEATED,2006,8,sissy sobieski,811
ROCKY WAR,2006,7,sissy sobieski,812
SHRUNK DIVINE,2006,1,sissy sobieski,813
SKY MIRACLE,2006,1,sissy sobieski,814
TELEMARK HEARTBREAKERS,2006,2,sissy sobieski,815
WISDOM WORKER,2006,5,sissy sobieski,816
BEHAVIOR RUNAWAY,2006,11,tim hackman,817
BOILED DARES,2006,16,tim hackman,818
BUCKET BROTHERHOOD,2006,16,tim hackman,819
CALENDAR GUNFIGHT,2006,9,tim hackman,820
CHAPLIN LICENSE,2006,13,tim hackman,821
CRUSADE HONEY,2006,15,tim hackman,822
CUPBOARD SINNERS,2006,6,tim hackman,823
DEEP CRUSADE,2006,6,tim hackman,824
FEUD FROGMEN,2006,8,tim hackman,825
FIDDLER LOST,2006,14,tim hackman,826
HAROLD FRENCH,2006,7,tim hackman,827
HOMEWARD CIDER,2006,6,tim hackman,828
HOOSIERS BIRDCAGE,2006,9,tim hackman,829
LIGHTS DEER,2006,4,tim hackman,830
MEET CHOCOLATE,2006,9,tim hackman,831
MOB DUFFEL,2006,7,tim hackman,832
MUMMY CREATURES,2006,15,tim hackman,833
PACKER MADIGAN,2006,2,tim hackman,834
PEACH INNOCENT,2006,15,tim hackman,835
PEARL DESTINY,2006,9,tim hackman,836
SNATCHERS MONTEZUMA,2006,4,tim hackman,837
UPTOWN YOUNG,2006,3,tim hackman,838
WIZARD COLDBLOODED,2006,12,tim hackman,839
BAREFOOT MANCHURIAN,2006,1,milla peck,840
CALENDAR GUNFIGHT,2006,9,milla peck,841
CHANCE RESURRECTION,2006,15,milla peck,842
CLASH FREDDY,2006,2,milla peck,843
DAUGHTER MADIGAN,2006,3,milla peck,844
DREAM PICKUP,2006,1,milla peck,845
FATAL HAUNTED,2006,13,milla peck,846
FEATHERS METAL,2006,10,milla peck,847
JACKET FRISCO,2006,7,milla peck,848
JUGGLER HARDLY,2006,2,milla peck,849
MIDNIGHT WESTWARD,2006,1,milla peck,850
NECKLACE OUTBREAK,2006,7,milla peck,851
PEACH INNOCENT,2006,15,milla peck,852
PREJUDICE OLEANDER,2006,4,milla peck,853
RAIDERS ANTITRUST,2006,6,milla peck,854
ROBBERS JOON,2006,3,milla peck,855
ROCK INSTINCT,2006,11,milla peck,856
RUSHMORE MERMAID,2006,5,milla peck,857
SEATTLE EXPECATIONS,2006,7,milla peck,858
TEEN APOLLO,2006,16,milla peck,859
TEMPLE ATTRACTION,2006,11,milla peck,860
WATERSHIP FRONTIER,2006,11,milla peck,861
WHISPERER GIANT,2006,14,milla peck,862
WRONG BEHAVIOR,2006,3,milla peck,863
ATLANTIS CAUSE,2006,8,audrey olivier,864
BOULEVARD MOB,2006,13,audrey olivier,865
CAPER MOTIONS,2006,5,audrey olivier,866
CASSIDY WYOMING,2006,16,audrey olivier,867
CONEHEADS SMOOCHY,2006,7,audrey olivier,868
CONTROL ANTHEM,2006,5,audrey olivier,869
DORADO NOTTING,2006,12,audrey olivier,870
FRENCH HOLIDAY,2006,6,audrey olivier,871
GUNFIGHTER MUSSOLINI,2006,15,audrey olivier,872
HALLOWEEN NUTS,2006,6,audrey olivier,873
HUMAN GRAFFITI,2006,10,audrey olivier,874
KANE EXORCIST,2006,9,audrey olivier,875
KNOCK WARLOCK,2006,5,audrey olivier,876
LOATHING LEGALLY,2006,4,audrey olivier,877
PEAK FOREVER,2006,15,audrey olivier,878
REDEMPTION COMFORTS,2006,13,audrey olivier,879
SENSE GREEK,2006,15,audrey olivier,880
SHIP WONDERLAND,2006,6,audrey olivier,881
SIDE ARK,2006,1,audrey olivier,882
SQUAD FISH,2006,15,audrey olivier,883
STING PERSONAL,2006,13,audrey olivier,884
STRANGER STRANGERS,2006,3,audrey olivier,885
USUAL UNTOUCHABLES,2006,9,audrey olivier,886
VOLUME HOUSE,2006,4,audrey olivier,887
WHALE BIKINI,2006,9,audrey olivier,888
ALADDIN CALENDAR,2006,15,judy dean,889
ARACHNOPHOBIA ROLLERCOASTER,2006,11,judy dean,890
BALLROOM MOCKINGBIRD,2006,9,judy dean,891
CYCLONE FAMILY,2006,9,judy dean,892
DROP WATERFRONT,2006,15,judy dean,893
GUNFIGHTER MUSSOLINI,2006,15,judy dean,894
MODERN DORADO,2006,6,judy dean,895
MUSSOLINI SPOILERS,2006,15,judy dean,896
NASH CHOCOLAT,2006,2,judy dean,897
QUEST MUSSOLINI,2006,1,judy dean,898
RINGS HEARTBREAKERS,2006,1,judy dean,899
ROCKETEER MOTHER,2006,9,judy dean,900
RUGRATS SHAKESPEARE,2006,1,judy dean,901
SOLDIERS EVOLUTION,2006,14,judy dean,902
TROUBLE DATE,2006,16,judy dean,903
ALIEN CENTER,2006,9,burt dukakis,904
BLINDNESS GUN,2006,14,burt dukakis,905
COMMANDMENTS EXPRESS,2006,11,burt dukakis,906
DINOSAUR SECRETARY,2006,8,burt dukakis,907
DOUBLE WRATH,2006,2,burt dukakis,908
ENDING CROWDS,2006,13,burt dukakis,909
GREEK EVERYONE,2006,9,burt dukakis,910
GRINCH MASSAGE,2006,10,burt dukakis,911
GUN BONNIE,2006,10,burt dukakis,912
GUYS FALCON,2006,14,burt dukakis,913
HEAVEN FREEDOM,2006,5,burt dukakis,914
HOME PITY,2006,12,burt dukakis,915
HOMEWARD CIDER,2006,6,burt dukakis,916
IMAGE PRINCESS,2006,15,burt dukakis,917
INTOLERABLE INTENTIONS,2006,6,burt dukakis,918
JERK PAYCHECK,2006,4,burt dukakis,919
KANE EXORCIST,2006,9,burt dukakis,920
KING EVOLUTION,2006,8,burt dukakis,921
MENAGERIE RUSHMORE,2006,2,burt dukakis,922
MONEY HAROLD,2006,13,burt dukakis,923
MOTIONS DETAILS,2006,11,burt dukakis,924
RANDOM GO,2006,14,burt dukakis,925
RANGE MOONWALKER,2006,8,burt dukakis,926
REAP UNFAITHFUL,2006,11,burt dukakis,927
RIGHT CRANES,2006,4,burt dukakis,928
TALENTED HOMICIDE,2006,15,burt dukakis,929
TRUMAN CRAZY,2006,1,burt dukakis,930
VALENTINE VANISHING,2006,16,burt dukakis,931
WANDA CHAMBER,2006,10,burt dukakis,932
ALADDIN CALENDAR,2006,15,val bolger,933
ALASKA PHANTOM,2006,12,val bolger,934
AMADEUS HOLY,2006,1,val bolger,935
CANYON STOCK,2006,2,val bolger,936
CAPER MOTIONS,2006,5,val bolger,937
CARRIE BUNCH,2006,11,val bolger,938
CHITTY LOCK,2006,7,val bolger,939
DALMATIONS SWEDEN,2006,7,val bolger,940
DRIFTER COMMANDMENTS,2006,1,val bolger,941
DUDE BLINDNESS,2006,15,val bolger,942
ELEPHANT TROJAN,2006,11,val bolger,943
FIREBALL PHILADELPHIA,2006,5,val bolger,944
INTRIGUE WORST,2006,9,val bolger,945
JAWBREAKER BROOKLYN,2006,12,val bolger,946
JERSEY SASSY,2006,3,val bolger,947
LAMBS CINCINATTI,2006,10,val bolger,948
LONELY ELEPHANT,2006,5,val bolger,949
MAKER GABLES,2006,3,val bolger,950
MALLRATS UNITED,2006,5,val bolger,951
METROPOLIS COMA,2006,14,val bolger,952
MODEL FISH,2006,3,val bolger,953
PATHS CONTROL,2006,7,val bolger,954
PATIENT SISTER,2006,4,val bolger,955
PREJUDICE OLEANDER,2006,4,val bolger,956
PRIMARY GLASS,2006,1,val bolger,957
SHAWSHANK BUBBLE,2006,16,val bolger,958
STALLION SUNDANCE,2006,14,val bolger,959
STAMPEDE DISTURBING,2006,10,val bolger,960
STRANGER STRANGERS,2006,3,val bolger,961
TOWN ARK,2006,9,val bolger,962
UNITED PILOT,2006,6,val bolger,963
WATCH TRACY,2006,2,val bolger,964
WEDDING APOLLO,2006,6,val bolger,965
WORKING MICROCOSMOS,2006,16,val bolger,966
YOUTH KICK,2006,12,val bolger,967
ANALYZE HOOSIERS,2006,11,tom mckellen,968
CADDYSHACK JEDI,2006,1,tom mckellen,969
CLUB GRAFFITI,2006,2,tom mckellen,970
CONGENIALITY QUEST,2006,15,tom mckellen,971
DESIRE ALIEN,2006,2,tom mckellen,972
DONNIE ALLEY,2006,2,tom mckellen,973
EGG IGBY,2006,6,tom mckellen,974
FREEDOM CLEOPATRA,2006,5,tom mckellen,975
FRISCO FORREST,2006,14,tom mckellen,976
GENTLEMEN STAGE,2006,9,tom mckellen,977
IDAHO LOVE,2006,13,tom mckellen,978
IDOLS SNATCHERS,2006,3,tom mckellen,979
INDIAN LOVE,2006,8,tom mckellen,980
KISSING DOLLS,2006,1,tom mckellen,981
LEGEND JEDI,2006,12,tom mckellen,982
MAGIC MALLRATS,2006,3,tom mckellen,983
MISSION ZOOLANDER,2006,2,tom mckellen,984
NECKLACE OUTBREAK,2006,7,tom mckellen,985
NEIGHBORS CHARADE,2006,15,tom mckellen,986
PURPLE MOVIE,2006,9,tom mckellen,987
SHRUNK DIVINE,2006,1,tom mckellen,988
SPICE SORORITY,2006,7,tom mckellen,989
STALLION SUNDANCE,2006,14,tom mckellen,990
STRANGER STRANGERS,2006,3,tom mckellen,991
TARZAN VIDEOTAPE,2006,11,tom mckellen,992
BILKO ANONYMOUS,2006,8,goldie brody,993
BINGO TALENTED,2006,14,goldie brody,994
COMANCHEROS ENEMY,2006,3,goldie brody,995
DAISY MENAGERIE,2006,14,goldie brody,996
DESERT POSEIDON,2006,11,goldie brody,997
EVERYONE CRAFT,2006,9,goldie brody,998
EXORCIST STING,2006,15,goldie brody,999
